geography_name,total_population,median_age,median_household_income,poverty_universe,population_below_poverty,civilian_labor_force,unemployed_population,occupied_housing_units,owner_occupied_units,renter_occupied_units,median_gross_rent,median_home_value,state,county,tract
Census Tract 1; Shelby County; Tennessee,5420,32.5,65236,5307,680,3499,103,3435,1172,2263,1713,440400,47,157,000100
Census Tract 2; Shelby County; Tennessee,1100,29.6,23231,1073,522,404,127,493,47,446,979,-666666666,47,157,000200
Census Tract 3; Shelby County; Tennessee,535,35.9,31146,535,137,196,16,243,154,89,1164,75000,47,157,000300
Census Tract 4; Shelby County; Tennessee,1359,34.6,23370,1359,626,608,35,544,119,425,991,50800,47,157,000400
Census Tract 6; Shelby County; Tennessee,1578,52.5,36696,1578,663,658,63,753,354,399,910,37500,47,157,000600
Census Tract 7; Shelby County; Tennessee,3702,40.2,30519,3685,1184,1884,505,1983,773,1210,976,95200,47,157,000700
Census Tract 8; Shelby County; Tennessee,2102,40.2,43125,2102,532,973,166,944,341,603,722,56200,47,157,000800
Census Tract 9; Shelby County; Tennessee,2435,40.8,36958,2411,865,984,109,955,535,420,1045,83100,47,157,000900
Census Tract 11; Shelby County; Tennessee,3602,23.0,25667,3602,1311,1335,183,1072,436,636,1226,60200,47,157,001100
Census Tract 12; Shelby County; Tennessee,4215,28.3,49801,3910,1232,1669,148,1224,533,691,1112,92400,47,157,001200
Census Tract 13; Shelby County; Tennessee,4247,20.1,45833,4203,1677,1316,145,1118,439,679,965,68600,47,157,001300
Census Tract 14; Shelby County; Tennessee,1601,36.8,24922,1598,538,829,45,633,165,468,895,54300,47,157,001400
Census Tract 15; Shelby County; Tennessee,1919,38.4,36752,1906,555,948,137,819,427,392,1033,104200,47,157,001500
Census Tract 16; Shelby County; Tennessee,3052,22.0,121094,1797,183,1718,117,839,698,141,1686,338100,47,157,001600
Census Tract 17; Shelby County; Tennessee,3625,40.9,62520,3609,364,2378,133,1910,1123,787,1364,203800,47,157,001700
Census Tract 19; Shelby County; Tennessee,1263,46.0,29653,1263,769,441,49,571,186,385,909,97200,47,157,001900
Census Tract 20; Shelby County; Tennessee,1033,38.5,32093,1018,309,551,44,556,161,395,1090,118100,47,157,002000
Census Tract 21; Shelby County; Tennessee,1533,32.5,31369,1533,381,817,86,775,133,642,1027,176400,47,157,002100
Census Tract 24; Shelby County; Tennessee,2057,37.7,41471,2020,320,1176,106,954,264,690,1109,91300,47,157,002400
Census Tract 25; Shelby County; Tennessee,2969,33.1,43852,2955,855,1681,61,1440,550,890,1080,301700,47,157,002500
Census Tract 26; Shelby County; Tennessee,2414,42.9,85366,2411,226,1621,18,1272,842,430,1182,405700,47,157,002600
Census Tract 27; Shelby County; Tennessee,1627,36.2,64122,1624,296,859,82,678,473,205,1148,252300,47,157,002700
Census Tract 28; Shelby County; Tennessee,2735,32.7,30862,2735,1211,1016,202,1258,554,704,916,126100,47,157,002800
Census Tract 29; Shelby County; Tennessee,4127,39.2,104821,4127,241,2434,18,2266,1956,310,1283,465700,47,157,002900
Census Tract 30; Shelby County; Tennessee,2512,50.8,39107,2365,728,1190,52,1476,549,927,923,262000,47,157,003000
Census Tract 31; Shelby County; Tennessee,3524,30.9,67792,3077,242,2331,80,1745,870,875,1194,291500,47,157,003100
Census Tract 32; Shelby County; Tennessee,3707,37.1,49013,3272,466,2204,150,2471,554,1917,1125,286000,47,157,003200
Census Tract 33; Shelby County; Tennessee,2234,38.9,101063,2234,101,1343,52,1116,887,229,1580,302200,47,157,003300
Census Tract 34; Shelby County; Tennessee,2251,39.1,51703,2251,351,1731,117,1463,399,1064,921,302100,47,157,003400
Census Tract 35; Shelby County; Tennessee,2937,42.3,100918,2937,351,1915,31,1571,789,782,1412,445800,47,157,003500
Census Tract 36; Shelby County; Tennessee,1145,37.9,28150,1136,320,852,10,803,144,659,862,281800,47,157,003600
Census Tract 37; Shelby County; Tennessee,1282,39.2,17266,1185,542,444,14,742,7,735,939,-666666666,47,157,003700
Census Tract 38; Shelby County; Tennessee,699,41.0,20560,564,188,364,30,433,6,427,910,-666666666,47,157,003800
Census Tract 39; Shelby County; Tennessee,1384,41.4,19139,1374,623,856,27,1067,0,1067,978,-666666666,47,157,003900
Census Tract 42; Shelby County; Tennessee,3445,36.2,90673,3445,121,2996,54,2494,633,1861,1436,316100,47,157,004200
Census Tract 43; Shelby County; Tennessee,2926,37.0,79078,2926,256,2236,0,2055,845,1210,1585,391600,47,157,004300
Census Tract 45; Shelby County; Tennessee,673,31.9,30417,673,353,295,11,361,45,316,616,-666666666,47,157,004500
Census Tract 46; Shelby County; Tennessee,1559,37.2,53733,1505,283,842,25,698,207,491,1036,243300,47,157,004600
Census Tract 50; Shelby County; Tennessee,968,29.8,12132,968,715,279,70,428,35,393,751,-666666666,47,157,005000
Census Tract 53; Shelby County; Tennessee,2606,43.9,30556,2606,1112,1005,154,1170,439,731,802,58600,47,157,005300
Census Tract 55; Shelby County; Tennessee,2062,40.5,29315,2038,736,902,187,771,363,408,789,-666666666,47,157,005500
Census Tract 56; Shelby County; Tennessee,3417,42.5,33730,3417,1446,1462,240,1377,596,781,955,72700,47,157,005600
Census Tract 57; Shelby County; Tennessee,1745,44.7,29014,1745,631,803,91,770,158,612,956,41600,47,157,005700
Census Tract 58; Shelby County; Tennessee,1096,28.1,17344,981,651,263,114,334,40,294,795,-666666666,47,157,005800
Census Tract 59; Shelby County; Tennessee,2082,33.6,14982,2077,1737,482,211,567,251,316,913,61800,47,157,005900
Census Tract 60; Shelby County; Tennessee,1633,41.7,29120,1633,654,646,121,684,310,374,984,55800,47,157,006000
Census Tract 62; Shelby County; Tennessee,1635,42.2,39181,1635,259,660,128,673,484,189,1145,77200,47,157,006200
Census Tract 63; Shelby County; Tennessee,2248,39.3,77917,2248,226,1523,65,1121,785,336,1457,304400,47,157,006300
Census Tract 64; Shelby County; Tennessee,1474,45.1,60573,1474,211,818,52,627,387,240,980,160800,47,157,006400
Census Tract 65; Shelby County; Tennessee,2091,34.1,40382,2091,717,918,90,971,353,618,960,85500,47,157,006500
Census Tract 66; Shelby County; Tennessee,2133,39.0,59620,2133,243,1308,69,1197,482,715,1253,268700,47,157,006600
Census Tract 67; Shelby County; Tennessee,2612,45.8,31559,2610,658,1358,288,1291,406,885,989,75200,47,157,006700
Census Tract 68; Shelby County; Tennessee,2043,35.8,37845,2027,653,926,191,898,395,503,813,93000,47,157,006800
Census Tract 69; Shelby County; Tennessee,2234,46.4,40972,2234,823,1065,170,993,491,502,1069,83200,47,157,006900
Census Tract 70; Shelby County; Tennessee,2636,29.0,23653,2636,1344,1335,279,1369,249,1120,1091,103700,47,157,007000
Census Tract 71; Shelby County; Tennessee,2518,45.8,124583,2518,126,1358,10,1089,984,105,1007,650200,47,157,007100
Census Tract 72; Shelby County; Tennessee,2782,31.4,88411,2771,458,2035,110,1615,809,806,1694,303200,47,157,007200
Census Tract 73; Shelby County; Tennessee,3837,23.3,36908,2527,782,2283,135,1621,358,1263,955,356200,47,157,007300
Census Tract 74; Shelby County; Tennessee,3178,25.7,38201,3105,1304,2025,113,1503,343,1160,1171,166200,47,157,007400
Census Tract 75; Shelby County; Tennessee,1188,48.4,30542,1188,245,474,100,562,312,250,1055,74800,47,157,007500
Census Tract 78.10; Shelby County; Tennessee,1980,47.0,29630,1980,640,785,39,1096,518,578,931,75800,47,157,007810
Census Tract 78.21; Shelby County; Tennessee,4099,50.9,44643,4099,1594,1895,135,2184,841,1343,911,79900,47,157,007821
Census Tract 78.22; Shelby County; Tennessee,1316,43.5,30256,1316,455,528,50,588,379,209,1040,67100,47,157,007822
Census Tract 79; Shelby County; Tennessee,4590,50.5,35644,4522,943,1961,344,2079,1108,971,987,78900,47,157,007900
Census Tract 80; Shelby County; Tennessee,4732,36.9,55694,4732,1382,2282,167,1843,656,1187,1182,99300,47,157,008000
Census Tract 81.10; Shelby County; Tennessee,1857,27.4,31354,1845,819,776,147,599,261,338,906,78400,47,157,008110
Census Tract 81.20; Shelby County; Tennessee,3933,45.5,29213,3933,1210,2072,447,1940,901,1039,744,67700,47,157,008120
Census Tract 82; Shelby County; Tennessee,5815,21.2,35260,5229,2448,1788,88,1470,456,1014,1299,62700,47,157,008200
Census Tract 85; Shelby County; Tennessee,4143,48.7,182250,4143,275,1885,37,1696,1419,277,1255,642500,47,157,008500
Census Tract 86; Shelby County; Tennessee,5643,38.8,88519,5633,426,2869,64,2461,1562,899,1378,390100,47,157,008600
Census Tract 87; Shelby County; Tennessee,5833,30.3,45282,5833,1982,2573,3,2019,1081,938,1139,133000,47,157,008700
Census Tract 88; Shelby County; Tennessee,7862,27.3,41583,7807,1502,3058,76,2242,1185,1057,1074,92200,47,157,008800
Census Tract 89; Shelby County; Tennessee,4090,34.9,41635,4090,843,1999,210,1389,851,538,1120,76400,47,157,008900
Census Tract 91; Shelby County; Tennessee,3039,30.9,39344,2931,929,1312,80,948,495,453,1016,95300,47,157,009100
Census Tract 92.01; Shelby County; Tennessee,3139,37.3,111652,3139,64,1756,28,1467,1229,238,1718,346600,47,157,009201
Census Tract 92.02; Shelby County; Tennessee,3690,33.4,99774,3688,190,2169,73,1465,1129,336,1629,297100,47,157,009202
Census Tract 93; Shelby County; Tennessee,3698,34.4,61383,3681,872,1993,145,1878,1236,642,1381,217800,47,157,009300
Census Tract 94; Shelby County; Tennessee,3118,40.9,78563,3118,163,1954,10,1598,1203,395,1475,210100,47,157,009400
Census Tract 95.01; Shelby County; Tennessee,3237,33.2,79089,3192,358,2038,24,1349,940,409,1622,213400,47,157,009501
Census Tract 95.02; Shelby County; Tennessee,3304,52.4,88625,3304,167,1872,176,1506,1353,153,1427,260700,47,157,009502
Census Tract 96; Shelby County; Tennessee,4759,48.6,169847,4732,515,2387,62,2034,1689,345,2165,531900,47,157,009600
Census Tract 97; Shelby County; Tennessee,2848,32.6,51074,2848,562,1344,131,939,470,469,1478,116800,47,157,009700
Census Tract 98; Shelby County; Tennessee,2524,37.7,62819,2524,501,1084,38,1056,531,525,1195,117200,47,157,009800
Census Tract 99.01; Shelby County; Tennessee,3118,30.4,43655,3118,1405,1223,130,1029,419,610,1156,67200,47,157,009901
Census Tract 99.02; Shelby County; Tennessee,2030,29.2,20563,2019,1004,824,163,861,309,552,1069,58200,47,157,009902
Census Tract 100.01; Shelby County; Tennessee,3009,43.0,43527,3009,516,1404,20,1191,605,586,1316,82100,47,157,010001
Census Tract 100.02; Shelby County; Tennessee,2996,35.1,36495,2952,755,1463,256,1227,555,672,1121,95400,47,157,010002
Census Tract 101.20; Shelby County; Tennessee,5214,20.9,26112,5214,3364,1574,319,1623,619,1004,1025,79000,47,157,010120
Census Tract 101.21; Shelby County; Tennessee,2443,33.4,25515,2441,1061,1046,278,960,366,594,1371,85400,47,157,010121
Census Tract 101.22; Shelby County; Tennessee,3315,21.6,25123,3315,1916,975,130,978,182,796,967,107800,47,157,010122
Census Tract 102.10; Shelby County; Tennessee,5979,33.2,41373,5979,1474,2456,194,2055,902,1153,1216,84800,47,157,010210
Census Tract 102.20; Shelby County; Tennessee,6127,37.0,39899,6127,2075,2142,271,2463,1174,1289,1131,118600,47,157,010220
Census Tract 103; Shelby County; Tennessee,1499,29.0,32941,1499,490,591,63,622,263,359,1169,111200,47,157,010300
Census Tract 105; Shelby County; Tennessee,2844,31.0,27875,2544,1083,982,69,1069,106,963,1156,67300,47,157,010500
Census Tract 106.10; Shelby County; Tennessee,5879,25.4,37741,5856,2321,2334,54,2118,617,1501,1210,83100,47,157,010610
Census Tract 106.20; Shelby County; Tennessee,3409,26.6,41638,3409,1088,1398,181,1114,290,824,1131,95700,47,157,010620
Census Tract 106.30; Shelby County; Tennessee,4154,25.2,38030,4154,1573,1666,228,1221,300,921,1043,106800,47,157,010630
Census Tract 107.10; Shelby County; Tennessee,3959,33.7,48995,3959,808,1868,247,1348,783,565,1445,124000,47,157,010710
Census Tract 107.20; Shelby County; Tennessee,3648,32.5,50267,3648,689,1981,224,1436,492,944,1169,172300,47,157,010720
Census Tract 108.10; Shelby County; Tennessee,6653,28.5,58581,6653,2021,3371,347,1779,792,987,1216,122700,47,157,010810
Census Tract 108.20; Shelby County; Tennessee,4859,33.7,62629,4812,885,2200,187,1603,848,755,1347,167000,47,157,010820
Census Tract 110.10; Shelby County; Tennessee,3525,26.9,48490,3525,729,1509,81,1267,698,569,980,118100,47,157,011010
Census Tract 110.20; Shelby County; Tennessee,1375,30.9,43140,1375,542,685,62,598,275,323,1132,100400,47,157,011020
Census Tract 111; Shelby County; Tennessee,1549,44.7,26842,1549,583,504,72,696,274,422,811,60700,47,157,011100
Census Tract 112; Shelby County; Tennessee,946,49.9,30825,946,348,333,81,549,193,356,873,45100,47,157,011200
Census Tract 113; Shelby County; Tennessee,1221,37.2,42462,1205,257,710,90,726,122,604,1030,78000,47,157,011300
Census Tract 114.01; Shelby County; Tennessee,1625,28.6,39555,1625,454,763,66,756,39,717,1026,-666666666,47,157,011401
Census Tract 114.02; Shelby County; Tennessee,3763,36.1,32859,1749,601,869,36,1087,0,1087,1251,-666666666,47,157,011402
Census Tract 115; Shelby County; Tennessee,1925,42.5,27460,1879,850,559,216,667,174,493,832,60300,47,157,011500
Census Tract 116; Shelby County; Tennessee,2071,21.3,18182,1957,1209,632,160,776,220,556,686,58700,47,157,011600
Census Tract 117; Shelby County; Tennessee,1036,44.5,43875,952,273,509,70,489,226,263,798,123900,47,157,011700
Census Tract 118; Shelby County; Tennessee,6680,26.3,55694,6680,1372,3598,428,2037,945,1092,1259,96700,47,157,011800
Census Tract 201.01; Shelby County; Tennessee,4088,30.8,57917,4088,784,1844,94,1454,701,753,1281,123900,47,157,020101
Census Tract 201.02; Shelby County; Tennessee,2912,53.8,72664,2886,443,955,33,1081,868,213,1607,301500,47,157,020102
Census Tract 202.10; Shelby County; Tennessee,5542,35.8,48962,5502,683,2737,62,2385,1291,1094,1273,118500,47,157,020210
Census Tract 202.21; Shelby County; Tennessee,2993,43.5,63145,2983,305,1340,75,1156,931,225,1107,239400,47,157,020221
Census Tract 202.22; Shelby County; Tennessee,2804,33.1,98406,2804,181,1481,6,981,790,191,1294,179800,47,157,020222
Census Tract 203.01; Shelby County; Tennessee,1456,50.4,101250,1456,25,799,99,549,491,58,1705,291200,47,157,020301
Census Tract 203.02; Shelby County; Tennessee,3196,32.9,39110,3079,1189,1249,81,1579,622,957,928,248300,47,157,020302
Census Tract 204; Shelby County; Tennessee,930,28.6,98125,828,23,194,8,276,0,276,1444,-666666666,47,157,020400
Census Tract 205.11; Shelby County; Tennessee,2315,38.6,87080,2309,220,1441,25,845,650,195,1357,152100,47,157,020511
Census Tract 205.21; Shelby County; Tennessee,3615,27.1,37342,3615,804,1093,42,1307,454,853,1296,95300,47,157,020521
Census Tract 205.23; Shelby County; Tennessee,3767,25.2,43182,3676,1441,1402,224,1174,226,948,1238,100400,47,157,020523
Census Tract 205.24; Shelby County; Tennessee,4416,37.3,54972,4416,818,2468,91,1617,903,714,1250,93100,47,157,020524
Census Tract 205.31; Shelby County; Tennessee,5398,28.1,55329,5385,1105,2381,50,1689,852,837,1600,153500,47,157,020531
Census Tract 205.32; Shelby County; Tennessee,5407,49.4,44833,5248,812,2224,119,2211,1076,1135,1287,152100,47,157,020532
Census Tract 205.41; Shelby County; Tennessee,4362,40.3,59911,4362,600,2538,105,1742,1155,587,1282,158700,47,157,020541
Census Tract 205.42; Shelby County; Tennessee,5229,26.7,43865,5229,796,2849,247,2156,439,1717,1048,186400,47,157,020542
Census Tract 205.43; Shelby County; Tennessee,3047,33.4,43013,3047,603,1433,57,1386,290,1096,1177,79100,47,157,020543
Census Tract 205.44; Shelby County; Tennessee,2885,30.4,33995,2854,801,1394,263,1154,364,790,953,204300,47,157,020544
Census Tract 206.10; Shelby County; Tennessee,4322,33.9,54764,4322,533,2409,164,1653,499,1154,1079,192300,47,157,020610
Census Tract 206.21; Shelby County; Tennessee,6997,30.9,50884,6997,469,4227,114,2930,1130,1800,1189,208100,47,157,020621
Census Tract 206.22; Shelby County; Tennessee,4996,37.2,63574,4663,310,2042,194,1532,1151,381,1359,240000,47,157,020622
Census Tract 206.32; Shelby County; Tennessee,5040,43.7,97515,4876,319,2318,219,1719,1514,205,2646,275400,47,157,020632
Census Tract 206.33; Shelby County; Tennessee,3087,39.9,83125,3050,137,1393,15,1187,1071,116,2500,284900,47,157,020633
Census Tract 206.34; Shelby County; Tennessee,2798,52.7,89712,2798,136,1383,49,1071,947,124,1586,272000,47,157,020634
Census Tract 206.35; Shelby County; Tennessee,2763,36.6,76477,2749,477,1325,18,981,843,138,1554,199900,47,157,020635
Census Tract 206.51; Shelby County; Tennessee,7511,33.5,73977,7511,815,3569,119,2404,1669,735,1539,209500,47,157,020651
Census Tract 206.52; Shelby County; Tennessee,4591,41.4,87727,4554,174,2765,91,1844,1447,397,1480,238600,47,157,020652
Census Tract 206.53; Shelby County; Tennessee,3644,42.8,133250,3631,54,1863,22,1276,1195,81,1750,387500,47,157,020653
Census Tract 206.54; Shelby County; Tennessee,5847,41.9,98095,5660,156,2885,72,1950,1723,227,1594,353200,47,157,020654
Census Tract 206.55; Shelby County; Tennessee,3222,47.5,92158,3188,244,1712,65,1230,1075,155,2101,321800,47,157,020655
Census Tract 206.56; Shelby County; Tennessee,4681,40.0,106806,4681,53,3007,62,1727,1319,408,1633,342000,47,157,020656
Census Tract 206.57; Shelby County; Tennessee,5354,40.0,120339,5351,319,2925,86,1828,1523,305,2184,333700,47,157,020657
Census Tract 206.58; Shelby County; Tennessee,5953,30.5,64201,5930,733,3142,302,1864,1093,771,1448,191700,47,157,020658
Census Tract 207; Shelby County; Tennessee,2223,50.5,84861,2223,107,1122,29,876,853,23,1250,297200,47,157,020700
Census Tract 208.33; Shelby County; Tennessee,5541,41.0,129063,5285,246,2532,74,1748,1725,23,-666666666,402000,47,157,020833
Census Tract 208.34; Shelby County; Tennessee,2988,42.4,108056,2979,74,1525,37,1200,819,381,1172,449600,47,157,020834
Census Tract 208.35; Shelby County; Tennessee,2168,52.6,94706,2168,313,1012,61,888,815,73,1750,369500,47,157,020835
Census Tract 208.36; Shelby County; Tennessee,8516,42.9,155978,8516,270,4115,133,2823,2612,211,2250,481800,47,157,020836
Census Tract 208.37; Shelby County; Tennessee,7281,36.3,93770,7281,237,3675,123,3004,2056,948,1678,294300,47,157,020837
Census Tract 209.01; Shelby County; Tennessee,5880,35.4,130089,5827,591,3084,157,1758,1233,525,2205,398100,47,157,020901
Census Tract 209.02; Shelby County; Tennessee,7760,37.8,136512,7760,95,4185,55,2605,2420,185,2108,435200,47,157,020902
Census Tract 210.20; Shelby County; Tennessee,6482,44.2,126279,6482,551,3537,374,2384,2132,252,1629,447300,47,157,021020
Census Tract 210.21; Shelby County; Tennessee,5226,34.7,77375,5184,947,2909,28,1757,1293,464,2017,280800,47,157,021021
Census Tract 210.22; Shelby County; Tennessee,6328,36.6,84455,6328,314,3546,226,2511,1415,1096,1855,284400,47,157,021022
Census Tract 210.23; Shelby County; Tennessee,7439,37.2,134903,7308,1438,3924,32,2738,1941,797,1645,451400,47,157,021023
Census Tract 211.11; Shelby County; Tennessee,4376,29.7,49514,4370,890,2504,204,1724,628,1096,1089,159700,47,157,021111
Census Tract 211.12; Shelby County; Tennessee,5867,31.8,62289,5867,543,3439,83,2365,1217,1148,1432,156400,47,157,021112
Census Tract 211.13; Shelby County; Tennessee,3960,31.8,69737,3960,455,2132,344,1580,797,783,1647,201300,47,157,021113
Census Tract 211.21; Shelby County; Tennessee,5237,30.6,47500,5237,544,3248,204,2818,677,2141,1103,275200,47,157,021121
Census Tract 211.22; Shelby County; Tennessee,5842,29.4,59246,5842,1171,3057,131,2070,732,1338,1221,159800,47,157,021122
Census Tract 211.24; Shelby County; Tennessee,7991,31.0,58409,7794,1182,4760,141,3336,1607,1729,1783,222100,47,157,021124
Census Tract 211.25; Shelby County; Tennessee,4473,36.9,77222,4289,117,2526,25,1828,921,907,1629,270100,47,157,021125
Census Tract 211.26; Shelby County; Tennessee,3572,30.9,69491,3572,362,2140,68,1722,589,1133,1645,326300,47,157,021126
Census Tract 211.35; Shelby County; Tennessee,5264,41.2,78587,5243,254,3344,9,2617,1210,1407,1496,216900,47,157,021135
Census Tract 211.36; Shelby County; Tennessee,5547,43.4,112250,5547,162,3340,198,2026,1595,431,2572,364000,47,157,021136
Census Tract 211.38; Shelby County; Tennessee,4526,36.6,111489,4526,230,2485,148,1528,894,634,1747,344300,47,157,021138
Census Tract 211.39; Shelby County; Tennessee,4369,48.8,159886,4220,66,2259,105,1550,1431,119,2205,422700,47,157,021139
Census Tract 211.40; Shelby County; Tennessee,5248,33.2,84229,5184,247,2968,34,2062,1132,930,1640,301900,47,157,021140
Census Tract 211.41; Shelby County; Tennessee,7741,41.4,89205,7741,448,4997,450,2847,1821,1026,1796,263700,47,157,021141
Census Tract 211.42; Shelby County; Tennessee,2994,42.4,79934,2994,102,1953,119,1419,856,563,1396,279800,47,157,021142
Census Tract 211.43; Shelby County; Tennessee,5900,36.3,85617,5900,145,2910,186,1892,1241,651,2046,248700,47,157,021143
Census Tract 211.44; Shelby County; Tennessee,3136,41.1,101558,3136,277,1935,21,1430,707,723,1511,279800,47,157,021144
Census Tract 212; Shelby County; Tennessee,1444,40.1,-666666666,0,0,0,0,0,0,0,-666666666,-666666666,47,157,021200
Census Tract 213.11; Shelby County; Tennessee,4409,55.6,160278,4353,302,2344,53,2220,1611,609,1757,746000,47,157,021311
Census Tract 213.12; Shelby County; Tennessee,1753,38.8,66650,1753,163,1247,12,1093,380,713,1425,407500,47,157,021312
Census Tract 213.20; Shelby County; Tennessee,5912,38.5,106705,5740,667,3198,20,2244,1428,816,1236,425400,47,157,021320
Census Tract 213.31; Shelby County; Tennessee,3374,43.0,121667,3260,226,1956,53,1266,1150,116,1991,265600,47,157,021331
Census Tract 213.33; Shelby County; Tennessee,4419,41.3,89484,4419,75,2712,220,1741,1186,555,1383,239100,47,157,021333
Census Tract 213.34; Shelby County; Tennessee,3584,37.1,61543,3442,428,1929,211,1666,546,1120,1262,234200,47,157,021334
Census Tract 213.41; Shelby County; Tennessee,6151,44.4,155625,5922,214,2535,130,2143,1702,441,-666666666,536300,47,157,021341
Census Tract 213.51; Shelby County; Tennessee,4420,51.3,101344,4410,83,2176,140,2191,1387,804,1827,414700,47,157,021351
Census Tract 213.52; Shelby County; Tennessee,7245,44.2,146763,7245,96,3370,101,2626,2508,118,2705,468500,47,157,021352
Census Tract 213.54; Shelby County; Tennessee,6109,34.6,87594,6109,404,4219,178,3213,834,2379,1458,332500,47,157,021354
Census Tract 213.55; Shelby County; Tennessee,5994,38.1,144415,5913,156,3216,235,2232,1429,803,1675,549800,47,157,021355
Census Tract 213.56; Shelby County; Tennessee,3439,51.4,236189,3439,0,1513,31,1245,1245,0,-666666666,752500,47,157,021356
Census Tract 213.57; Shelby County; Tennessee,5837,43.8,219722,5837,189,2649,18,2066,2019,47,-666666666,640400,47,157,021357
Census Tract 214.10; Shelby County; Tennessee,3293,44.7,135333,3293,104,1472,16,1344,1161,183,2558,386200,47,157,021410
Census Tract 214.20; Shelby County; Tennessee,3180,45.1,140417,3180,125,1603,8,1279,1144,135,1801,423400,47,157,021420
Census Tract 214.30; Shelby County; Tennessee,3963,44.5,137697,3963,130,2183,52,1748,1541,207,1710,383600,47,157,021430
Census Tract 215.30; Shelby County; Tennessee,5439,45.2,188750,5439,154,2704,74,1994,1739,255,-666666666,586500,47,157,021530
Census Tract 215.41; Shelby County; Tennessee,7983,41.0,166356,7949,65,3903,149,2473,2396,77,2582,518400,47,157,021541
Census Tract 215.42; Shelby County; Tennessee,5812,41.4,217500,5812,28,2876,84,1938,1670,268,1614,654700,47,157,021542
Census Tract 215.43; Shelby County; Tennessee,3648,41.3,173135,3648,0,2053,66,1148,1120,28,-666666666,610100,47,157,021543
Census Tract 215.44; Shelby County; Tennessee,3572,31.0,110750,3554,77,1850,138,1491,413,1078,1752,398000,47,157,021544
Census Tract 215.45; Shelby County; Tennessee,3312,49.6,112983,3245,102,1677,39,1563,1134,429,1681,542400,47,157,021545
Census Tract 215.46; Shelby County; Tennessee,4164,35.3,121462,4125,457,2349,39,1782,516,1266,1559,602300,47,157,021546
Census Tract 215.47; Shelby County; Tennessee,7030,30.8,83443,7030,1199,3757,251,2368,1116,1252,1520,334500,47,157,021547
Census Tract 215.48; Shelby County; Tennessee,3467,34.6,77043,3467,154,1951,68,1485,455,1030,1758,210000,47,157,021548
Census Tract 216.11; Shelby County; Tennessee,4948,43.9,122005,4859,39,2481,0,1869,1628,241,1719,371900,47,157,021611
Census Tract 216.12; Shelby County; Tennessee,5383,38.8,131838,5383,50,2654,196,1725,1549,176,2311,397700,47,157,021612
Census Tract 216.13; Shelby County; Tennessee,4712,38.5,132875,4712,127,2392,32,1599,1513,86,2705,419800,47,157,021613
Census Tract 216.20; Shelby County; Tennessee,3467,33.8,64674,3459,848,1655,240,1132,516,616,1132,322400,47,157,021620
Census Tract 217.10; Shelby County; Tennessee,1782,31.2,27050,1782,628,1023,33,999,115,884,1135,136500,47,157,021710
Census Tract 217.21; Shelby County; Tennessee,4708,26.8,49773,4708,950,2741,133,1922,197,1725,1224,157700,47,157,021721
Census Tract 217.24; Shelby County; Tennessee,2442,33.0,43694,2442,434,1366,70,955,319,636,1172,151500,47,157,021724
Census Tract 217.25; Shelby County; Tennessee,3803,26.9,43049,3803,793,2478,317,2145,84,2061,1099,112000,47,157,021725
Census Tract 217.31; Shelby County; Tennessee,2813,25.6,46875,2813,769,1198,211,904,325,579,1349,72900,47,157,021731
Census Tract 217.44; Shelby County; Tennessee,6401,35.6,85264,6343,446,3266,466,2064,1413,651,1703,207400,47,157,021744
Census Tract 217.45; Shelby County; Tennessee,8927,39.4,110802,8906,719,5556,592,3014,2497,517,2077,218600,47,157,021745
Census Tract 217.46; Shelby County; Tennessee,4178,33.7,54853,4148,795,2301,206,1690,731,959,1330,147700,47,157,021746
Census Tract 217.47; Shelby County; Tennessee,4654,27.7,58568,4654,279,2181,106,1352,939,413,1515,154600,47,157,021747
Census Tract 217.51; Shelby County; Tennessee,6494,38.1,101119,6494,894,3691,435,2367,1589,778,2048,261800,47,157,021751
Census Tract 217.52; Shelby County; Tennessee,5529,33.3,60202,5472,1383,3007,422,2113,1051,1062,1150,284700,47,157,021752
Census Tract 217.53; Shelby County; Tennessee,2783,34.8,72625,2783,307,1536,72,1097,758,339,1762,183300,47,157,021753
Census Tract 217.54; Shelby County; Tennessee,4857,34.1,69257,4857,1050,2603,450,1792,792,1000,1628,170700,47,157,021754
Census Tract 217.55; Shelby County; Tennessee,1585,28.6,42083,1585,315,891,13,887,7,880,1048,-666666666,47,157,021755
Census Tract 217.56; Shelby County; Tennessee,1635,59.0,44777,1525,181,541,58,899,198,701,1781,154800,47,157,021756
Census Tract 217.57; Shelby County; Tennessee,3368,34.6,43057,3368,276,1945,123,1521,444,1077,1207,160300,47,157,021757
Census Tract 217.58; Shelby County; Tennessee,3475,24.8,45875,3475,644,1814,177,1351,416,935,1158,129000,47,157,021758
Census Tract 217.59; Shelby County; Tennessee,4283,29.7,56315,4283,1230,2285,232,1431,585,846,1389,144700,47,157,021759
Census Tract 217.60; Shelby County; Tennessee,4737,23.9,65000,4737,225,1805,84,1384,793,591,1437,143000,47,157,021760
Census Tract 219; Shelby County; Tennessee,5088,34.1,66398,5088,658,2550,109,1900,941,959,1348,94700,47,157,021900
Census Tract 220.23; Shelby County; Tennessee,2865,29.4,37665,2848,1300,1084,155,903,284,619,1107,168100,47,157,022023
Census Tract 220.24; Shelby County; Tennessee,3536,38.1,55742,3536,653,1584,175,1197,858,339,1379,156300,47,157,022024
Census Tract 220.25; Shelby County; Tennessee,3723,27.8,32558,3723,2136,1599,321,1472,101,1371,956,69500,47,157,022025
Census Tract 220.26; Shelby County; Tennessee,1922,30.8,42930,1922,773,934,214,647,179,468,1058,140800,47,157,022026
Census Tract 221.11; Shelby County; Tennessee,4977,44.7,29795,4746,1489,2177,153,2246,521,1725,1080,153300,47,157,022111
Census Tract 221.21; Shelby County; Tennessee,4652,36.7,59524,4630,1310,2214,336,1703,1176,527,1529,174300,47,157,022121
Census Tract 221.22; Shelby County; Tennessee,3934,32.5,46774,3934,1003,2474,398,1642,733,909,1149,121300,47,157,022122
Census Tract 221.30; Shelby County; Tennessee,4920,38.8,49479,4588,1067,1892,162,1926,1367,559,997,122900,47,157,022130
Census Tract 221.31; Shelby County; Tennessee,2197,30.0,32083,2197,1179,732,183,947,142,805,1041,129700,47,157,022131
Census Tract 221.32; Shelby County; Tennessee,2777,44.5,42670,2777,836,1074,127,1141,326,815,908,140500,47,157,022132
Census Tract 222.10; Shelby County; Tennessee,4277,47.1,38194,4234,577,2068,473,1735,1286,449,1282,76100,47,157,022210
Census Tract 222.20; Shelby County; Tennessee,3845,36.4,43220,3845,1528,1838,496,1571,848,723,1057,60900,47,157,022220
Census Tract 223.10; Shelby County; Tennessee,5071,31.5,29016,5071,2204,1798,200,1853,829,1024,1042,66500,47,157,022310
Census Tract 223.21; Shelby County; Tennessee,4105,32.4,55909,4054,987,1768,141,1472,906,566,1024,96300,47,157,022321
Census Tract 223.22; Shelby County; Tennessee,3559,42.3,62726,3559,835,1639,242,1449,887,562,1161,111800,47,157,022322
Census Tract 223.30; Shelby County; Tennessee,4972,31.6,35274,4943,2261,1883,292,1742,957,785,1088,82200,47,157,022330
Census Tract 224.10; Shelby County; Tennessee,5954,42.5,65264,5954,1488,2739,288,2253,1625,628,1072,204500,47,157,022410
Census Tract 225; Shelby County; Tennessee,4588,39.5,50752,4588,568,1964,144,1775,1046,729,1039,112200,47,157,022500
Census Tract 226; Shelby County; Tennessee,4152,27.4,39023,4138,1142,1838,295,1440,591,849,1219,132600,47,157,022600
Census Tract 227; Shelby County; Tennessee,6506,42.1,28621,6483,2101,2649,420,2860,1135,1725,995,80600,47,157,022700
Census Tract 9801; Shelby County; Tennessee,0,-666666666.0,-666666666,0,0,0,0,0,0,0,-666666666,-666666666,47,157,980100
Census Tract 9802; Shelby County; Tennessee,0,-666666666.0,-666666666,0,0,0,0,0,0,0,-666666666,-666666666,47,157,980200
Census Tract 9803; Shelby County; Tennessee,0,-666666666.0,-666666666,0,0,0,0,0,0,0,-666666666,-666666666,47,157,980300
Census Tract 9804.01; Shelby County; Tennessee,1747,34.6,-666666666,0,0,0,0,0,0,0,-666666666,-666666666,47,157,980401
Census Tract 9804.02; Shelby County; Tennessee,0,-666666666.0,-666666666,0,0,0,0,0,0,0,-666666666,-666666666,47,157,980402
